State_Name,District_Name,Crop_Year,cseason,Crop,Area,production,label
Andaman and Nicobar Islands,NICOBARS,2001,Whole Year ,Dry ginger,46.0,10000.0,0
Andaman and Nicobar Islands,NICOBARS,2001,Whole Year ,Sugarcane,1.0,1.0,0
Andaman and Nicobar Islands,NICOBARS,2001,Whole Year ,Sweet potato,11.0,33.0,0
Andaman and Nicobar Islands,NICOBARS,2002,Kharif     ,Rice,189.2,510.84,0
Andaman and Nicobar Islands,NICOBARS,2002,Whole Year ,Arecanut,1258.0,2083.0,0
Andaman and Nicobar Islands,NICOBARS,2002,Whole Year ,Banana,213.0,1278.0,0
Andaman and Nicobar Islands,NICOBARS,2002,Whole Year ,Black pepper,63.0,13.5,0
Andaman and Nicobar Islands,NICOBARS,2002,Whole Year ,Cashewnut,719.0,208.0,0
Andaman and Nicobar Islands,NICOBARS,2002,Whole Year ,Coconut ,18240.0,6749000.0,1
Andaman and Nicobar Islands,NICOBARS,2002,Whole Year ,Dry chillies,413.0,28.8,0
Andaman and Nicobar Islands,NICOBARS,2003,Whole Year ,Dry chillies,60.0,102.0,0
Andaman and Nicobar Islands,NICOBARS,2003,Whole Year ,Dry ginger,102.0,326.4,0
Andhra Pradesh,ANANTAPUR,2003,Whole Year ,Grapes,118.0,2048.0,0
Andhra Pradesh,ANANTAPUR,2005,Kharif     ,Groundnut,877029.0,362213.0,1
Andhra Pradesh,ANANTAPUR,2005,Kharif     ,Horse-gram,410.0,107.0,0
Andhra Pradesh,ANANTAPUR,2005,Kharif     ,Jowar,3759.0,3879.0,0
Andhra Pradesh,ANANTAPUR,2005,Kharif     ,Maize,5958.0,21538.0,0
Andhra Pradesh,ANANTAPUR,2005,Kharif     ,Moong(Green Gram),1078.0,747.0,0
Andhra Pradesh,ANANTAPUR,2005,Kharif     ,Onion,985.0,17025.0,0
Andhra Pradesh,ANANTAPUR,2005,Kharif     ,Other Kharif pulses,1429.0,301.0,0
Andhra Pradesh,ANANTAPUR,2005,Kharif     ,Ragi,2303.0,4394.0,0
Andhra Pradesh,ANANTAPUR,2005,Kharif     ,Rice,25008.0,69972.0,1
Andhra Pradesh,ANANTAPUR,2005,Kharif     ,Small millets,854.0,455.0,0
Andhra Pradesh,ANANTAPUR,2005,Kharif     ,Soyabean,421.0,232.0,0
Andhra Pradesh,ANANTAPUR,2005,Kharif     ,Urad,69.0,24.0,0
Andhra Pradesh,ANANTAPUR,2005,Rabi       ,Bajra,66.0,125.0,0
Andhra Pradesh,ANANTAPUR,2005,Rabi       ,Dry chillies,58.0,214.0,0
Andhra Pradesh,ANANTAPUR,2005,Rabi       ,Gram,49105.0,48172.0,1
Andhra Pradesh,ANANTAPUR,2005,Rabi       ,Groundnut,22006.0,29752.0,0
Andhra Pradesh,ANANTAPUR,2005,Rabi       ,Horse-gram,205.0,77.0,0
Andhra Pradesh,ANANTAPUR,2005,Rabi       ,Jowar,12931.0,9970.0,0
Andhra Pradesh,ANANTAPUR,2005,Rabi       ,Linseed,29.0,11.0,0
Andhra Pradesh,ANANTAPUR,2005,Rabi       ,Maize,1435.0,10721.0,0
Assam,KAMRUP,2009,Whole Year ,Banana,2530.0,33101.0,1
Assam,KAMRUP,2009,Whole Year ,Black pepper,97.0,147.0,0
Assam,KAMRUP,2009,Whole Year ,Coconut ,1548.0,7273000.0,1
Assam,KAMRUP,2009,Whole Year ,Dry chillies,1961.0,1178.0,0
Assam,KAMRUP,2009,Whole Year ,Dry ginger,384.0,2849.0,0
Assam,KAMRUP,2009,Whole Year ,Onion,583.0,1701.0,0
Assam,KAMRUP,2009,Whole Year ,Potato,3062.0,37366.0,1
Assam,KAMRUP,2009,Whole Year ,Sugarcane,921.0,32300.0,1
Assam,KAMRUP,2009,Whole Year ,Sweet potato,164.0,409.0,0
Assam,KAMRUP,2009,Whole Year ,Tapioca,81.0,292.0,0
Assam,KAMRUP,2009,Whole Year ,Tobacco,1.0,1.0,0
Assam,KAMRUP,2009,Whole Year ,Turmeric,723.0,626.0,0
Assam,KAMRUP,2009,Winter     ,Rice,69798.0,127917.0,1
Assam,KAMRUP,2010,Autumn     ,Rice,14012.0,23004.0,0
Assam,KAMRUP,2010,Kharif     ,Arhar/Tur,160.0,128.0,0
Assam,KAMRUP,2010,Kharif     ,Castor seed,10.0,3.0,0
Assam,KAMRUP,2010,Kharif     ,Cotton(lint),1.0,1.0,0
Assam,KAMRUP,2010,Kharif     ,Jute,3359.0,51505.0,1
Assam,KAMRUP,2010,Kharif     ,Maize,217.0,134.0,0
Assam,KAMRUP,2010,Kharif     ,Mesta,61.0,293.0,0
Bihar,JEHANABAD,1997,Kharif     ,Other Kharif pulses,4.0,2.0,0
Bihar,JEHANABAD,1997,Kharif     ,Sesamum,29.0,17.0,0
Bihar,JEHANABAD,1997,Kharif     ,Small millets,9.0,4.0,0
Bihar,JEHANABAD,1997,Rabi       ,Barley,699.0,487.0,0
Bihar,JEHANABAD,1997,Rabi       ,Gram,2222.0,787.0,0
Bihar,JEHANABAD,1997,Rabi       ,Linseed,645.0,362.0,0
Bihar,JEHANABAD,1997,Rabi       ,Maize,670.0,2011.0,0
Bihar,JEHANABAD,1997,Rabi       ,Other  Rabi pulses,181.0,129.0,0
Bihar,JEHANABAD,1997,Rabi       ,Rapeseed &Mustard,593.0,433.0,0
Bihar,JEHANABAD,1997,Rabi       ,Sunflower,83.0,78.0,0
Bihar,JEHANABAD,1997,Rabi       ,Wheat,44404.0,80116.0,1
Bihar,JEHANABAD,1997,Summer     ,Maize,214.0,452.0,0
Bihar,JEHANABAD,1997,Summer     ,Rice,124.0,250.0,0
Bihar,JEHANABAD,1997,Whole Year ,Coriander,25.0,12.0,0
Bihar,JEHANABAD,1997,Whole Year ,Dry chillies,30.0,23.0,0
Bihar,JEHANABAD,1997,Whole Year ,Garlic,7.0,9.0,0
Chhattisgarh,KANKER,2005,Rabi       ,Safflower,1.0,123.0,0
Chhattisgarh,KANKER,2005,Rabi       ,Urad,63.0,22.0,0
Chhattisgarh,KANKER,2005,Rabi       ,Wheat,928.0,1555.0,0
Chhattisgarh,KANKER,2005,Whole Year ,Banana,9.0,419.0,0
Chhattisgarh,KANKER,2005,Whole Year ,Coriander,86.0,21.0,0
Chhattisgarh,KANKER,2005,Whole Year ,Dry chillies,201.0,48.0,0
Chhattisgarh,KANKER,2005,Whole Year ,Dry ginger,13.0,15.0,0
Chhattisgarh,KANKER,2005,Whole Year ,Garlic,10.0,34.0,0
Chhattisgarh,KANKER,2005,Whole Year ,Onion,80.0,444.0,0
Chhattisgarh,KANKER,2005,Whole Year ,Potato,6.0,36.0,0
Chhattisgarh,KANKER,2005,Whole Year ,Sannhamp,108.0,46.0,0
Chhattisgarh,KANKER,2005,Whole Year ,Sugarcane,1.0,4.0,0
Chhattisgarh,KANKER,2005,Whole Year ,Sweet potato,83.0,433.0,0
Chhattisgarh,KANKER,2005,Whole Year ,Turmeric,12.0,11.0,0
Chhattisgarh,KANKER,2006,Kharif     ,Arhar/Tur,576.0,271.0,0
Chhattisgarh,KANKER,2006,Kharif     ,Groundnut,4.0,8.0,0
Chhattisgarh,KANKER,2006,Kharif     ,Horse-gram,8192.0,3385.0,0
Chhattisgarh,KANKER,2006,Kharif     ,Jowar,362.0,373.0,0
Chhattisgarh,KANKER,2006,Kharif     ,Maize,8044.0,11787.0,0
Chhattisgarh,KANKER,2006,Kharif     ,Moong(Green Gram),905.0,412.0,0
Gujarat,DANG,2008,Kharif     ,Arhar/Tur,4000.0,4200.0,0
Gujarat,DANG,2008,Kharif     ,Groundnut,4600.0,6300.0,0
Gujarat,DANG,2008,Kharif     ,Jowar,3600.0,5000.0,0
Gujarat,DANG,2008,Kharif     ,Maize,3100.0,4400.0,0
Gujarat,DANG,2008,Kharif     ,Other Cereals & Millets,4700.0,2600.0,0
Gujarat,DANG,2008,Kharif     ,Ragi,9700.0,11100.0,0
Gujarat,DANG,2008,Kharif     ,Rice,17900.0,22700.0,0
Gujarat,DANG,2008,Kharif     ,Urad,4200.0,3100.0,0
Gujarat,DANG,2008,Rabi       ,Gram,1200.0,1200.0,0
Gujarat,DANG,2008,Rabi       ,Onion,500.0,13100.0,0
Gujarat,DANG,2008,Rabi       ,Other  Rabi pulses,700.0,400.0,0
Gujarat,DANG,2008,Rabi       ,Wheat,700.0,1700.0,0
Gujarat,DANG,2008,Summer     ,Groundnut,600.0,1100.0,0
Gujarat,DANG,2008,Whole Year ,Garlic,200.0,1000.0,0
Gujarat,DANG,2008,Whole Year ,Sugarcane,100.0,11000.0,0
Gujarat,DANG,2009,Kharif     ,Arhar/Tur,3700.0,3200.0,0
Gujarat,DANG,2009,Kharif     ,Groundnut,4300.0,4000.0,0
Gujarat,DANG,2009,Kharif     ,Jowar,2300.0,3200.0,0
Gujarat,DANG,2009,Kharif     ,Maize,3300.0,3200.0,0
Gujarat,DANG,2009,Kharif     ,Other Cereals & Millets,1500.0,900.0,0
Gujarat,DANG,2009,Kharif     ,Ragi,5000.0,4100.0,0
Gujarat,DANG,2009,Kharif     ,Rice,15800.0,17400.0,0
Gujarat,DANG,2009,Kharif     ,Urad,4600.0,3300.0,0
Gujarat,DANG,2009,Rabi       ,Gram,1400.0,1300.0,0
Gujarat,DANG,2009,Rabi       ,Onion,500.0,14200.0,0
Gujarat,DANG,2009,Rabi       ,Other  Rabi pulses,1900.0,1200.0,0
Gujarat,DANG,2009,Rabi       ,Wheat,800.0,2200.0,0
Haryana,JIND,2003,Kharif     ,Sesamum,398.0,100.0,0
Haryana,JIND,2003,Kharif     ,Urad,1.0,0.0,0
Haryana,JIND,2003,Rabi       ,Barley,829.0,3000.0,0
Haryana,JIND,2003,Rabi       ,Gram,593.0,1000.0,0
Haryana,JIND,2003,Rabi       ,Masoor,48.0,100.0,0
Haryana,JIND,2003,Rabi       ,Rapeseed &Mustard,9786.0,16000.0,0
Haryana,JIND,2003,Rabi       ,Wheat,206844.0,819000.0,1
Haryana,JIND,2003,Whole Year ,Dry chillies,12.0,0.0,0
Haryana,JIND,2003,Whole Year ,Other Fresh Fruits,993.0,2000.0,0
Haryana,JIND,2003,Whole Year ,Other Vegetables,1776.0,15400.0,0
Haryana,JIND,2003,Whole Year ,Sannhamp,28.0,0.0,0
Haryana,JIND,2003,Whole Year ,Sugarcane,9347.0,530000.0,1
Haryana,JIND,2004,Kharif     ,Arhar/Tur,890.0,900.0,0
Haryana,JIND,2004,Kharif     ,Bajra,45807.0,67000.0,1
Haryana,JIND,2004,Kharif     ,Cotton(lint),49970.0,148000.0,1
Haryana,JIND,2004,Kharif     ,Jowar,571.0,900.0,0
Haryana,JIND,2004,Kharif     ,Moong(Green Gram),57.0,1124.0,0
Haryana,JIND,2004,Kharif     ,Rice,90894.0,201000.0,1
Haryana,JIND,2004,Kharif     ,Sesamum,371.0,100.0,0
Haryana,JIND,2004,Rabi       ,Barley,847.0,3000.0,0
Haryana,JIND,2004,Rabi       ,Gram,427.0,2444.0,0
Haryana,JIND,2004,Rabi       ,Masoor,36.0,100.0,0
Haryana,JIND,2004,Rabi       ,Rapeseed &Mustard,12545.0,16000.0,0
Karnataka,BELGAUM,2004,Kharif     ,Sunflower,33145.0,23695.0,0
Karnataka,BELGAUM,2004,Kharif     ,Urad,3611.0,748.0,0
Karnataka,BELGAUM,2004,Rabi       ,Gram,41421.0,20354.0,0
Karnataka,BELGAUM,2004,Rabi       ,Groundnut,7693.0,7981.0,0
Karnataka,BELGAUM,2004,Rabi       ,Horse-gram,2539.0,902.0,0
Karnataka,BELGAUM,2004,Rabi       ,Jowar,171452.0,113414.0,1
Karnataka,BELGAUM,2004,Rabi       ,Linseed,1750.0,318.0,0
Karnataka,BELGAUM,2004,Rabi       ,Maize,25755.0,79447.0,1
Karnataka,BELGAUM,2004,Rabi       ,Moong(Green Gram),94.0,23.0,0
Karnataka,BELGAUM,2004,Rabi       ,Other  Rabi pulses,1000.0,139.0,0
Karnataka,BELGAUM,2004,Rabi       ,Rapeseed &Mustard,254.0,35.0,0
Karnataka,BELGAUM,2004,Rabi       ,Safflower,11490.0,5472.0,0
Karnataka,BELGAUM,2004,Rabi       ,Sunflower,22293.0,8781.0,0
Karnataka,BELGAUM,2004,Rabi       ,Wheat,56811.0,59112.0,1
Karnataka,BELGAUM,2004,Summer     ,Jowar,75.0,60.0,0
Karnataka,BELGAUM,2004,Summer     ,Maize,1776.0,6629.0,0
Karnataka,BELGAUM,2004,Summer     ,Rice,143.0,635.0,0
Karnataka,BELGAUM,2004,Summer     ,Sunflower,1010.0,655.0,0
Karnataka,BELGAUM,2004,Whole Year ,Arecanut,8.0,11.0,0
Karnataka,BELGAUM,2004,Whole Year ,Banana,828.0,19154.0,0
Karnataka,BELGAUM,2004,Whole Year ,Coconut ,599.0,26062.49,0
Karnataka,BELGAUM,2004,Whole Year ,Coriander,354.0,42.0,0
Karnataka,BELGAUM,2004,Whole Year ,Dry chillies,4945.0,3690.0,0
Karnataka,BELGAUM,2004,Whole Year ,Garlic,425.0,508.0,0
Karnataka,BELGAUM,2004,Whole Year ,Onion,6967.0,30687.0,1
Karnataka,BELGAUM,2004,Whole Year ,Potato,5336.0,44325.0,1
Karnataka,BELGAUM,2004,Whole Year ,Sweet potato,2164.0,20513.0,0
Karnataka,BELGAUM,2004,Whole Year ,Tobacco,20707.0,19731.0,0
Karnataka,BELGAUM,2004,Whole Year ,Turmeric,966.0,5151.0,0
Karnataka,BELGAUM,2005,Kharif     ,Arhar/Tur,6100.0,1727.0,0
Karnataka,BELGAUM,2005,Kharif     ,Bajra,27553.0,10729.0,0
Karnataka,BELGAUM,2005,Kharif     ,Castor seed,127.0,132.0,0
Karnataka,BELGAUM,2005,Kharif     ,Dry chillies,3596.0,1320.0,0
Karnataka,BELGAUM,2005,Kharif     ,Groundnut,62529.0,28617.0,0
Karnataka,BELGAUM,2005,Kharif     ,Horse-gram,6387.0,3817.0,0
Karnataka,BELGAUM,2005,Kharif     ,Jowar,43427.0,57808.0,1
Karnataka,BELGAUM,2005,Kharif     ,Maize,93413.0,331852.0,1
Karnataka,BELGAUM,2005,Kharif     ,Moong(Green Gram),27909.0,5197.0,0
Karnataka,BELGAUM,2005,Kharif     ,Niger seed,1089.0,250.0,0
Karnataka,BELGAUM,2005,Kharif     ,Onion,7087.0,30512.0,1
Karnataka,BELGAUM,2005,Kharif     ,Other Kharif pulses,6594.0,2085.0,0
Karnataka,BELGAUM,2005,Kharif     ,Peas & beans (Pulses),82.0,267.0,0
Karnataka,BELGAUM,2005,Kharif     ,Potato,4885.0,10326.0,0
Karnataka,BELGAUM,2005,Kharif     ,Ragi,1563.0,756.0,0
Karnataka,BELGAUM,2005,Kharif     ,Rice,66671.0,145500.0,1
Karnataka,BELGAUM,2005,Kharif     ,Sesamum,759.0,658.0,0
Karnataka,BELGAUM,2005,Kharif     ,Small millets,4432.0,4202.0,0
Karnataka,BELGAUM,2005,Kharif     ,Soyabean,69115.0,38279.0,1
Karnataka,BELGAUM,2005,Kharif     ,Sunflower,27338.0,12439.0,0
Karnataka,BELGAUM,2005,Kharif     ,Urad,2715.0,702.0,0
Karnataka,BELGAUM,2005,Rabi       ,Dry chillies,342.0,399.0,0
Karnataka,BELGAUM,2005,Rabi       ,Gram,48996.0,24640.0,0
Karnataka,BELGAUM,2005,Rabi       ,Groundnut,11368.0,8510.0,0
Karnataka,BELGAUM,2005,Rabi       ,Horse-gram,1565.0,764.0,0
Karnataka,BELGAUM,2005,Rabi       ,Jowar,156692.0,105932.0,1
Karnataka,BELGAUM,2005,Rabi       ,Linseed,1051.0,444.0,0
Karnataka,BELGAUM,2005,Rabi       ,Maize,41389.0,145279.0,1
Karnataka,BELGAUM,2005,Rabi       ,Moong(Green Gram),113.0,33.0,0
Karnataka,BELGAUM,2005,Rabi       ,Onion,355.0,3680.0,0
Karnataka,BELGAUM,2005,Rabi       ,Other  Rabi pulses,1515.0,210.0,0
Karnataka,BELGAUM,2005,Rabi       ,Peas & beans (Pulses),50.0,263.0,0
Karnataka,BELGAUM,2005,Rabi       ,Potato,160.0,2893.0,0
Karnataka,BELGAUM,2005,Rabi       ,Rapeseed &Mustard,238.0,33.0,0
Karnataka,BELGAUM,2005,Rabi       ,Safflower,9662.0,6991.0,0
Karnataka,BELGAUM,2005,Rabi       ,Sunflower,15159.0,6477.0,0
Karnataka,BELGAUM,2005,Rabi       ,Wheat,63035.0,65629.0,1
Karnataka,BELGAUM,2005,Summer     ,Dry chillies,808.0,1119.0,0
Karnataka,BELGAUM,2005,Summer     ,Jowar,195.0,213.0,0
Karnataka,BELGAUM,2005,Summer     ,Maize,2780.0,9171.0,0
Karnataka,BELGAUM,2005,Summer     ,Onion,22.0,366.0,0
Karnataka,BELGAUM,2005,Summer     ,Peas & beans (Pulses),2.0,10.0,0
Karnataka,BELGAUM,2005,Summer     ,Potato,10.0,148.0,0
Karnataka,BELGAUM,2005,Summer     ,Rice,157.0,484.0,0
Karnataka,BELGAUM,2005,Summer     ,Sunflower,782.0,374.0,0
Karnataka,BELGAUM,2005,Whole Year ,Arecanut,9.0,58.0,0
Karnataka,BELGAUM,2005,Whole Year ,Banana,5619.0,183740.0,1
Karnataka,BELGAUM,2005,Whole Year ,Coconut ,611.0,2632.0,0
Karnataka,BELGAUM,2005,Whole Year ,Coriander,522.0,62.0,0
Karnataka,BELGAUM,2005,Whole Year ,Cotton(lint),28359.0,41840.0,1
Karnataka,BELGAUM,2005,Whole Year ,Garlic,509.0,609.0,0
Karnataka,BELGAUM,2005,Whole Year ,Mesta,9.0,19.0,0
Karnataka,BELGAUM,2005,Whole Year ,Sugarcane,92971.0,8213988.0,1
Karnataka,BELGAUM,2005,Whole Year ,Sweet potato,2026.0,19205.0,0
Karnataka,BELGAUM,2005,Whole Year ,Tobacco,20109.0,21663.0,0
Karnataka,BELGAUM,2005,Whole Year ,Turmeric,784.0,6271.0,0
Karnataka,BELGAUM,2006,Kharif     ,Arhar/Tur,5658.0,1666.0,0
Karnataka,BELGAUM,2006,Kharif     ,Bajra,30036.0,9567.0,0
Karnataka,BELGAUM,2006,Kharif     ,Castor seed,270.0,216.0,0
Karnataka,BELGAUM,2006,Kharif     ,Gram,4322.0,723.0,0
Karnataka,BELGAUM,2006,Kharif     ,Groundnut,62518.0,29625.0,0
Karnataka,BELGAUM,2006,Kharif     ,Horse-gram,7270.0,4247.0,0
Karnataka,BELGAUM,2006,Kharif     ,Jowar,38083.0,50989.0,1
Karnataka,BELGAUM,2006,Kharif     ,Maize,92990.0,319154.0,1
Karnataka,BELGAUM,2006,Kharif     ,Moong(Green Gram),27519.0,2640.0,0
Karnataka,BELGAUM,2006,Kharif     ,Niger seed,909.0,209.0,0
Karnataka,BELGAUM,2006,Kharif     ,Other Kharif pulses,6442.0,2334.0,0
Karnataka,BELGAUM,2006,Kharif     ,Ragi,14499.0,941.0,0
Karnataka,BELGAUM,2006,Kharif     ,Rapeseed &Mustard,377.0,52.0,0
Karnataka,BELGAUM,2006,Kharif     ,Rice,66922.0,98851.0,1
Karnataka,BELGAUM,2006,Kharif     ,Sesamum,781.0,332.0,0
Karnataka,BELGAUM,2006,Kharif     ,Small millets,4594.0,3588.0,0
Karnataka,BELGAUM,2006,Kharif     ,Soyabean,76927.0,58976.0,1
Karnataka,BELGAUM,2006,Kharif     ,Sunflower,20676.0,14799.0,0
Karnataka,BELGAUM,2006,Kharif     ,Urad,4322.0,723.0,0
Kerala,THIRUVANANTHAPURAM,2014,Whole Year ,Turmeric,65.0,122.0,0
Kerala,THIRUVANANTHAPURAM,2014,Winter     ,Rice,1064.0,2799.0,0
Kerala,THRISSUR,1997,Whole Year ,Arecanut,6238.0,9140.0,0
Kerala,THRISSUR,1997,Whole Year ,Black pepper,5958.0,1046.0,0
Kerala,THRISSUR,1997,Whole Year ,Cashewnut,4658.0,2301.0,0
Kerala,THRISSUR,1997,Whole Year ,Coconut ,75784.0,482000.0,1
Kerala,THRISSUR,1997,Whole Year ,Tapioca,3087.0,76277.0,1
Kerala,THRISSUR,1998,Autumn     ,Rice,10019.0,17623.0,0
Kerala,THRISSUR,1998,Kharif     ,Sesamum,148.0,70.0,0
Kerala,THRISSUR,1998,Summer     ,Rice,6196.0,14233.0,0
Kerala,THRISSUR,1998,Whole Year ,Arecanut,5450.0,5750.0,0
Kerala,THRISSUR,1998,Whole Year ,Banana,2475.0,35071.0,1
Kerala,THRISSUR,1998,Whole Year ,Black pepper,4369.0,919.0,0
Kerala,THRISSUR,1998,Whole Year ,Cashewnut,4339.0,1796.0,0
Kerala,THRISSUR,1998,Whole Year ,Coconut ,81171.0,534000.0,1
Kerala,THRISSUR,1998,Whole Year ,Dry chillies,18.0,15.0,0
Kerala,THRISSUR,1998,Whole Year ,Dry ginger,92.0,176.0,0
Kerala,THRISSUR,1998,Whole Year ,Tapioca,1809.0,38529.0,1
Kerala,THRISSUR,1998,Whole Year ,Turmeric,87.0,123.0,0
Kerala,THRISSUR,1998,Winter     ,Rice,23000.0,42334.0,1
Madhya Pradesh,MORENA,2013,Whole Year ,Dry ginger,12.0,10.0,0
Madhya Pradesh,MORENA,2013,Whole Year ,Garlic,18.0,39.0,0
Madhya Pradesh,MORENA,2013,Whole Year ,Onion,111.0,831.0,0
Madhya Pradesh,MORENA,2013,Whole Year ,Potato,2076.0,38289.0,1
Madhya Pradesh,MORENA,2013,Whole Year ,Sesamum,3666.0,1927.0,0
Madhya Pradesh,MORENA,2013,Whole Year ,Sugarcane,229.0,12660.0,0
Madhya Pradesh,MORENA,2013,Whole Year ,Sweet potato,11.0,61.0,0
Madhya Pradesh,NARSINGHPUR,1997,Kharif     ,Arhar/Tur,14800.0,20700.0,0
Madhya Pradesh,NARSINGHPUR,1997,Kharif     ,Jowar,5900.0,7800.0,0
Madhya Pradesh,NARSINGHPUR,1997,Kharif     ,Maize,400.0,700.0,0
Madhya Pradesh,NARSINGHPUR,1997,Kharif     ,Paddy,8200.0,9000.0,0
Madhya Pradesh,NARSINGHPUR,1997,Kharif     ,Sesamum,3600.0,1300.0,0
Madhya Pradesh,NARSINGHPUR,1997,Kharif     ,Small millets,4600.0,1200.0,0
Madhya Pradesh,NARSINGHPUR,1997,Kharif     ,Soyabean,121600.0,172000.0,1
Madhya Pradesh,NARSINGHPUR,1997,Kharif     ,Sunflower,700.0,500.0,0
Madhya Pradesh,NARSINGHPUR,1997,Rabi       ,Linseed,100.0,100.0,0
Madhya Pradesh,NARSINGHPUR,1997,Rabi       ,Rapeseed &Mustard,1100.0,900.0,0
Madhya Pradesh,NARSINGHPUR,1997,Rabi       ,Wheat,88500.0,120300.0,1
Meghalaya,EAST JAINTIA HILLS,2005,Whole Year ,Banana,381.0,1448.0,0
Meghalaya,EAST JAINTIA HILLS,2005,Whole Year ,Dry chillies,132.0,102.0,0
Meghalaya,EAST JAINTIA HILLS,2005,Whole Year ,Potato,282.0,2091.0,0
Meghalaya,EAST JAINTIA HILLS,2005,Whole Year ,Sugarcane,7.0,5.0,0
Meghalaya,EAST JAINTIA HILLS,2005,Whole Year ,Sweet potato,2030.0,5938.0,0
Meghalaya,EAST JAINTIA HILLS,2005,Whole Year ,Tapioca,31.0,421.0,0
Meghalaya,EAST JAINTIA HILLS,2005,Whole Year ,Tobacco,8.0,2.0,0
Meghalaya,EAST JAINTIA HILLS,2005,Whole Year ,Turmeric,1039.0,6362.0,0
Meghalaya,EAST JAINTIA HILLS,2005,Winter     ,Rice,12194.0,18669.0,0
Meghalaya,EAST JAINTIA HILLS,2006,Autumn     ,Rice,98.0,167.0,0
Meghalaya,EAST JAINTIA HILLS,2006,Kharif     ,Banana,382.0,1457.0,0
Meghalaya,EAST JAINTIA HILLS,2006,Kharif     ,Dry ginger,255.0,2560.0,0
Meghalaya,EAST JAINTIA HILLS,2006,Kharif     ,Maize,2915.0,3432.0,0
Meghalaya,EAST JAINTIA HILLS,2006,Kharif     ,Soyabean,410.0,416.0,0
Meghalaya,EAST JAINTIA HILLS,2006,Kharif     ,Tapioca,31.0,422.0,0
Meghalaya,EAST JAINTIA HILLS,2006,Rabi       ,Arecanut,1635.0,3207.0,0
Meghalaya,EAST JAINTIA HILLS,2006,Rabi       ,Dry chillies,127.0,100.0,0
Meghalaya,EAST JAINTIA HILLS,2006,Rabi       ,Other  Rabi pulses,104.0,75.0,0
Meghalaya,EAST JAINTIA HILLS,2006,Rabi       ,Potato,285.0,2438.0,0
Odisha,DEOGARH,2003,Kharif     ,Maize,271.0,220.4,0
Odisha,DEOGARH,2003,Kharif     ,Moong(Green Gram),2783.0,493.7,0
Odisha,DEOGARH,2003,Kharif     ,Ragi,1.0,0.2,0
Odisha,DEOGARH,2003,Kharif     ,Rice,50000.0,73000.0,1
Odisha,DEOGARH,2003,Kharif     ,Sesamum,2557.0,675.8,0
Odisha,DEOGARH,2003,Kharif     ,Urad,1740.0,367.6,0
Odisha,DEOGARH,2003,Rabi       ,Castor seed,40.0,20.0,0
Odisha,DEOGARH,2003,Rabi       ,Gram,500.0,220.0,0
Odisha,DEOGARH,2003,Rabi       ,Niger seed,280.0,110.0,0
Odisha,DEOGARH,2003,Rabi       ,Other  Rabi pulses,680.0,520.0,0
Odisha,DEOGARH,2003,Rabi       ,Rapeseed &Mustard,289.0,60.4,0
Odisha,DEOGARH,2003,Rabi       ,Sunflower,360.0,180.0,0
Odisha,DEOGARH,2003,Rabi       ,Wheat,136.0,188.5,0
Odisha,DEOGARH,2003,Whole Year ,Coriander,410.0,200.0,0
Odisha,DEOGARH,2003,Whole Year ,Dry chillies,1690.0,1450.0,0
Rajasthan,BARMER,2006,Whole Year ,Dry chillies,25.0,13.0,0
Rajasthan,BARMER,2006,Whole Year ,Guar seed,421817.0,56342.0,1
Rajasthan,BARMER,2006,Whole Year ,Onion,1.0,2.0,0
Rajasthan,BARMER,2006,Whole Year ,Sweet potato,21.0,21.0,0
Rajasthan,BARMER,2007,Kharif     ,Bajra,960403.0,166442.0,1
Rajasthan,BARMER,2007,Kharif     ,Castor seed,21303.0,17313.0,0
Rajasthan,BARMER,2007,Kharif     ,Cotton(lint),5.0,2.0,0
Rajasthan,BARMER,2007,Kharif     ,Groundnut,305.0,526.0,0
Rajasthan,BARMER,2007,Kharif     ,Jowar,1221.0,117.0,0
Rajasthan,BARMER,2007,Kharif     ,Maize,15.0,28.0,0
Rajasthan,BARMER,2007,Kharif     ,Moong(Green Gram),57944.0,6211.0,0
Rajasthan,BARMER,2007,Kharif     ,Moth,208803.0,40608.0,1
Rajasthan,BARMER,2007,Kharif     ,Sesamum,2139.0,214.0,0
Rajasthan,BARMER,2007,Rabi       ,Barley,72.0,156.0,0
Tamil Nadu,TIRUPPUR,2013,Whole Year ,Banana,1815.0,86895.0,1
Tamil Nadu,TIRUPPUR,2013,Whole Year ,Black pepper,1.0,290.0,0
Tamil Nadu,TIRUPPUR,2013,Whole Year ,Cashewnut,203.0,58.0,0
Tamil Nadu,TIRUPPUR,2013,Whole Year ,Coconut ,56484.0,3613000.0,1
Tamil Nadu,TIRUPPUR,2013,Whole Year ,Coriander,423.0,378.0,0
Tamil Nadu,TIRUPPUR,2013,Whole Year ,Dry chillies,612.0,167.0,0
Tamil Nadu,TIRUPPUR,2013,Whole Year ,Gram,2756.0,1921.0,0
Tamil Nadu,TIRUPPUR,2013,Whole Year ,Sugarcane,4713.0,461927.0,1
Tamil Nadu,TIRUPPUR,2013,Whole Year ,Tapioca,229.0,6524.0,0
Tamil Nadu,TIRUPPUR,2013,Whole Year ,Tobacco,278.0,437.0,0
Tamil Nadu,TIRUPPUR,2013,Whole Year ,Turmeric,1011.0,2704.0,0
Tamil Nadu,TIRUVANNAMALAI,1997,Kharif     ,Banana,1757.0,66962.0,1
Tamil Nadu,TIRUVANNAMALAI,1997,Kharif     ,Horse-gram,2675.0,1530.0,0
Tamil Nadu,TIRUVANNAMALAI,1997,Kharif     ,Onion,177.0,1431.0,0
Tamil Nadu,TIRUVANNAMALAI,1997,Kharif     ,Sesamum,995.0,420.0,0
Tripura,SEPAHIJALA,2012,Rabi       ,Masoor,11.0,7.0,0
Tripura,SEPAHIJALA,2012,Rabi       ,Moong(Green Gram),19.0,10.0,0
Tripura,SEPAHIJALA,2012,Rabi       ,Other  Rabi pulses,88.0,65.0,0
Tripura,SEPAHIJALA,2012,Rabi       ,Peas & beans (Pulses),95.0,69.0,0
Tripura,SEPAHIJALA,2012,Rabi       ,Rapeseed &Mustard,135.0,108.0,0
Tripura,SEPAHIJALA,2012,Rabi       ,Urad,26.0,16.0,0
Tripura,SEPAHIJALA,2012,Rabi       ,Wheat,32.0,76.0,0
Tripura,SEPAHIJALA,2012,Whole Year ,Sugarcane,56.0,3005.0,0
Tripura,SEPAHIJALA,2013,Kharif     ,Arhar/Tur,246.0,203.0,0
Tripura,SEPAHIJALA,2013,Kharif     ,Cotton(lint),13.0,20.0,0
Tripura,SEPAHIJALA,2013,Kharif     ,Groundnut,2.0,2.0,0
Tripura,SEPAHIJALA,2013,Kharif     ,Jute,21.0,187.0,0
Tripura,SEPAHIJALA,2013,Kharif     ,Maize,490.0,584.0,0
Uttar Pradesh,BIJNOR,1998,Kharif     ,Groundnut,3032.0,2514.0,0
Uttar Pradesh,BIJNOR,1998,Kharif     ,Jowar,2.0,1.0,0
Uttar Pradesh,BIJNOR,1998,Kharif     ,Maize,304.0,337.0,0
Uttar Pradesh,BIJNOR,1998,Kharif     ,Moong(Green Gram),10.0,2.0,0
Uttar Pradesh,BIJNOR,1998,Kharif     ,Rice,65312.0,183983.0,1
Uttar Pradesh,BIJNOR,1998,Kharif     ,Sesamum,338.0,21.0,0
Uttar Pradesh,BIJNOR,1998,Kharif     ,Small millets,5.0,3.0,0
Uttar Pradesh,BIJNOR,1998,Kharif     ,Soyabean,14.0,6.0,0
Uttar Pradesh,BIJNOR,1998,Kharif     ,Urad,2618.0,827.0,0
Uttar Pradesh,BIJNOR,1998,Rabi       ,Barley,76.0,181.0,0
Uttar Pradesh,BIJNOR,1998,Rabi       ,Gram,406.0,359.0,0
Uttar Pradesh,BIJNOR,1998,Rabi       ,Linseed,3.0,1.0,0
Uttar Pradesh,BIJNOR,1998,Rabi       ,Masoor,2853.0,1752.0,0
Uttar Pradesh,BIJNOR,1998,Rabi       ,Peas & beans (Pulses),423.0,434.0,0
Uttar Pradesh,BIJNOR,1998,Rabi       ,Rapeseed &Mustard,1060.0,994.0,0
Uttar Pradesh,BIJNOR,1998,Rabi       ,Sunflower,5.0,5.0,0
West Bengal,DARJEELING,1999,Whole Year ,Arecanut,259.0,537.0,0
West Bengal,DARJEELING,1999,Whole Year ,Cardamom,2875.0,690.0,0
West Bengal,DARJEELING,1999,Whole Year ,Coconut ,133.0,2334.0,0
West Bengal,DARJEELING,1999,Whole Year ,Turmeric,120.0,100.0,0
West Bengal,DARJEELING,1999,Winter     ,Potato,4621.0,57279.0,1
West Bengal,DARJEELING,1999,Winter     ,Rice,30056.0,42850.0,1
West Bengal,DARJEELING,1999,Winter     ,Sesamum,37.0,22.0,0
West Bengal,DARJEELING,2000,Autumn     ,Rice,5369.0,8210.0,0
West Bengal,DARJEELING,2000,Kharif     ,Arhar/Tur,8.0,10.0,0
West Bengal,DARJEELING,2000,Kharif     ,Dry ginger,2054.0,6025.0,0
West Bengal,DARJEELING,2000,Kharif     ,Jute,2227.0,18110.0,0
West Bengal,DARJEELING,2000,Kharif     ,Maize,12876.0,39870.0,1
West Bengal,DARJEELING,2000,Kharif     ,Niger seed,8.0,4.0,0
West Bengal,DARJEELING,2000,Kharif     ,Other Kharif pulses,95.0,62.0,0
West Bengal,DARJEELING,2000,Kharif     ,Ragi,11320.0,13543.0,0
Telangana ,MAHBUBNAGAR,2009,Kharif     ,Onion,1699.0,31849.0,1
Telangana ,MAHBUBNAGAR,2009,Kharif     ,Ragi,1375.0,1136.0,0
Telangana ,MAHBUBNAGAR,2009,Kharif     ,Rice,95390.0,216726.0,1
Telangana ,MAHBUBNAGAR,2009,Kharif     ,Sesamum,841.0,86.0,0
Telangana ,MAHBUBNAGAR,2009,Kharif     ,Small millets,303.0,201.0,0
Telangana ,MAHBUBNAGAR,2009,Kharif     ,Urad,2927.0,278.0,0
Telangana ,MAHBUBNAGAR,2009,Rabi       ,Arhar/Tur,289.0,63.0,0
Telangana ,MAHBUBNAGAR,2009,Rabi       ,Dry chillies,178.0,673.0,0
Telangana ,MAHBUBNAGAR,2009,Rabi       ,Gram,27361.0,42191.0,1
Telangana ,MAHBUBNAGAR,2009,Rabi       ,Groundnut,93861.0,202364.0,1
Telangana ,MAHBUBNAGAR,2009,Rabi       ,Horse-gram,1344.0,398.0,0
Telangana ,MAHBUBNAGAR,2009,Rabi       ,Jowar,14032.0,11871.0,0
Telangana ,MAHBUBNAGAR,2009,Rabi       ,Maize,3298.0,15639.0,0
Telangana ,MAHBUBNAGAR,2009,Rabi       ,Onion,1173.0,28468.0,0
Telangana ,MAHBUBNAGAR,2009,Rabi       ,Ragi,339.0,630.0,0
Telangana ,MAHBUBNAGAR,2009,Rabi       ,Rice,68468.0,184384.0,1
Telangana ,MAHBUBNAGAR,2009,Rabi       ,Safflower,595.0,366.0,0
Telangana ,MAHBUBNAGAR,2009,Rabi       ,Sesamum,21.0,7.0,0
Telangana ,MAHBUBNAGAR,2009,Rabi       ,Urad,50.0,35.0,0
Telangana ,MAHBUBNAGAR,2009,Rabi       ,Wheat,67.0,73.0,0
Telangana ,MAHBUBNAGAR,2009,Whole Year ,Coconut ,2.0,22344.0,0
Telangana ,MAHBUBNAGAR,2009,Whole Year ,Coriander,264.0,251.0,0
Telangana ,MAHBUBNAGAR,2009,Whole Year ,Sugarcane,130.0,11440.0,0
Telangana ,MAHBUBNAGAR,2009,Whole Year ,Sunflower,24340.0,16387.0,0
Telangana ,MAHBUBNAGAR,2009,Whole Year ,Tobacco,5389.0,10245.0,0
Telangana ,MAHBUBNAGAR,2009,Whole Year ,Turmeric,27.0,150.0,0
Telangana ,MAHBUBNAGAR,2010,Kharif     ,Arhar/Tur,124059.0,50492.0,1
Telangana ,MAHBUBNAGAR,2010,Kharif     ,Bajra,3885.0,2863.0,0
Telangana ,MAHBUBNAGAR,2010,Kharif     ,Castor seed,83957.0,46513.0,1
Telangana ,MAHBUBNAGAR,2010,Kharif     ,Cotton(lint),160252.0,313905.0,1
Telangana ,MAHBUBNAGAR,2010,Kharif     ,Dry chillies,6993.0,29329.0,0
Telangana ,MAHBUBNAGAR,2010,Kharif     ,Groundnut,18255.0,16831.0,0
Telangana ,MAHBUBNAGAR,2010,Kharif     ,Horse-gram,1210.0,557.0,0
Telangana ,MAHBUBNAGAR,2010,Kharif     ,Jowar,36978.0,32282.0,1
Telangana ,MAHBUBNAGAR,2010,Kharif     ,Maize,84726.0,266124.0,1
Telangana ,MAHBUBNAGAR,2010,Kharif     ,Moong(Green Gram),21118.0,4435.0,0
Telangana ,MAHBUBNAGAR,2010,Kharif     ,Onion,2189.0,39201.0,1
Telangana ,MAHBUBNAGAR,2010,Kharif     ,Ragi,1543.0,1683.0,0
Telangana ,MAHBUBNAGAR,2010,Kharif     ,Rice,130411.0,360230.0,1
Telangana ,MAHBUBNAGAR,2010,Kharif     ,Sesamum,724.0,130.0,0
Telangana ,MAHBUBNAGAR,2010,Kharif     ,Small millets,448.0,187.0,0
Telangana ,MAHBUBNAGAR,2010,Kharif     ,Soyabean,12.0,20.0,0
Telangana ,MAHBUBNAGAR,2010,Kharif     ,Urad,2205.0,1365.0,0
Telangana ,MAHBUBNAGAR,2010,Rabi       ,Arhar/Tur,208.0,85.0,0
Telangana ,MAHBUBNAGAR,2010,Rabi       ,Bajra,14.0,10.0,0
Telangana ,MAHBUBNAGAR,2010,Rabi       ,Dry chillies,261.0,780.0,0
Telangana ,MAHBUBNAGAR,2010,Rabi       ,Gram,28015.0,41994.0,1
Telangana ,MAHBUBNAGAR,2010,Rabi       ,Groundnut,95131.0,211762.0,1
Telangana ,MAHBUBNAGAR,2010,Rabi       ,Horse-gram,409.0,165.0,0
Telangana ,MAHBUBNAGAR,2010,Rabi       ,Jowar,8515.0,7025.0,0
Telangana ,MAHBUBNAGAR,2010,Rabi       ,Maize,3535.0,18718.0,0
Telangana ,MAHBUBNAGAR,2010,Rabi       ,Onion,1236.0,23702.0,0
Telangana ,MAHBUBNAGAR,2010,Rabi       ,Ragi,274.0,404.0,0
Telangana ,MAHBUBNAGAR,2010,Rabi       ,Rice,66287.0,185537.0,1
Telangana ,MAHBUBNAGAR,2010,Rabi       ,Safflower,894.0,606.0,0
Telangana ,MAHBUBNAGAR,2010,Rabi       ,Urad,128.0,95.0,0
Telangana ,MAHBUBNAGAR,2010,Rabi       ,Wheat,32.0,42.0,0
Telangana ,MAHBUBNAGAR,2010,Whole Year ,Coriander,25.0,17.0,0
Telangana ,MAHBUBNAGAR,2010,Whole Year ,Sugarcane,1945.0,161472.0,1
Telangana ,MAHBUBNAGAR,2010,Whole Year ,Sunflower,10833.0,7739.0,0
Telangana ,MAHBUBNAGAR,2010,Whole Year ,Tobacco,2597.0,6229.0,0
Telangana ,MAHBUBNAGAR,2010,Whole Year ,Turmeric,36.0,242.0,0
Telangana ,MAHBUBNAGAR,2011,Kharif     ,Arhar/Tur,121184.0,20844.0,0
Telangana ,MAHBUBNAGAR,2011,Kharif     ,Bajra,2322.0,1275.0,0
Telangana ,MAHBUBNAGAR,2011,Kharif     ,Castor seed,77338.0,32327.0,1
Telangana ,MAHBUBNAGAR,2011,Kharif     ,Cotton(lint),185291.0,219079.0,1
Telangana ,MAHBUBNAGAR,2011,Kharif     ,Cowpea(Lobia),200.0,18.0,0
Telangana ,MAHBUBNAGAR,2011,Kharif     ,Dry chillies,9986.0,17745.0,0
Telangana ,MAHBUBNAGAR,2011,Kharif     ,Groundnut,14257.0,14499.0,0
Telangana ,MAHBUBNAGAR,2011,Kharif     ,Horse-gram,831.0,53.0,0
Telangana ,MAHBUBNAGAR,2011,Kharif     ,Jowar,26688.0,22284.0,0
Telangana ,MAHBUBNAGAR,2011,Kharif     ,Maize,141454.0,191812.0,1
Telangana ,MAHBUBNAGAR,2011,Kharif     ,Moong(Green Gram),16862.0,5666.0,0
Telangana ,MAHBUBNAGAR,2011,Kharif     ,Onion,4191.0,47098.0,1
Telangana ,MAHBUBNAGAR,2011,Kharif     ,Ragi,1219.0,1269.0,0
Telangana ,MAHBUBNAGAR,2011,Kharif     ,Rice,120826.0,266609.0,1
Telangana ,MAHBUBNAGAR,2011,Kharif     ,Sesamum,589.0,175.0,0
Telangana ,MAHBUBNAGAR,2011,Kharif     ,Small millets,186.0,123.0,0
Telangana ,MAHBUBNAGAR,2011,Kharif     ,Soyabean,2.0,3.0,0
Telangana ,MAHBUBNAGAR,2011,Kharif     ,Urad,1481.0,1038.0,0
Telangana ,MAHBUBNAGAR,2011,Rabi       ,Bajra,20.0,11.0,0
Telangana ,MAHBUBNAGAR,2011,Rabi       ,Cowpea(Lobia),41.0,33.0,0
Telangana ,MAHBUBNAGAR,2011,Rabi       ,Dry chillies,115.0,374.0,0
Telangana ,MAHBUBNAGAR,2011,Rabi       ,Gram,26055.0,3726.0,0
Telangana ,MAHBUBNAGAR,2011,Rabi       ,Groundnut,91522.0,140120.0,1
Telangana ,MAHBUBNAGAR,2011,Rabi       ,Horse-gram,480.0,73.0,0
Telangana ,MAHBUBNAGAR,2011,Rabi       ,Jowar,12692.0,6409.0,0
Telangana ,MAHBUBNAGAR,2011,Rabi       ,Maize,4976.0,23935.0,0
Telangana ,MAHBUBNAGAR,2011,Rabi       ,Onion,1750.0,47784.0,1
Telangana ,MAHBUBNAGAR,2011,Rabi       ,Ragi,212.0,375.0,0
Telangana ,MAHBUBNAGAR,2011,Rabi       ,Rice,51242.0,129950.0,1
Telangana ,MAHBUBNAGAR,2011,Rabi       ,Safflower,823.0,613.0,0
Telangana ,MAHBUBNAGAR,2011,Rabi       ,Urad,169.0,70.0,0
Telangana ,MAHBUBNAGAR,2011,Rabi       ,Wheat,14.0,20.0,0
Telangana ,MAHBUBNAGAR,2011,Whole Year ,Coconut ,4.0,58424.0,1
Telangana ,MAHBUBNAGAR,2011,Whole Year ,Potato,8.0,80.0,0
Telangana ,MAHBUBNAGAR,2011,Whole Year ,Sugarcane,2685.0,220375.0,1
Telangana ,MAHBUBNAGAR,2011,Whole Year ,Sunflower,6111.0,2494.0,0
Telangana ,MAHBUBNAGAR,2011,Whole Year ,Tobacco,1828.0,2734.0,0
Telangana ,MAHBUBNAGAR,2011,Whole Year ,Turmeric,44.0,241.0,0
Telangana ,MAHBUBNAGAR,2013,Kharif     ,Arhar/Tur,116002.0,54637.0,1
Telangana ,MAHBUBNAGAR,2013,Kharif     ,Bajra,3137.0,2902.0,0
Telangana ,MAHBUBNAGAR,2013,Kharif     ,Castor seed,71737.0,52727.0,1
Telangana ,MAHBUBNAGAR,2013,Kharif     ,Cotton(lint),230606.0,477929.0,1
Telangana ,MAHBUBNAGAR,2013,Kharif     ,Cowpea(Lobia),474.0,228.0,0
Telangana ,MAHBUBNAGAR,2013,Kharif     ,Dry chillies,8995.0,29027.0,0
Telangana ,MAHBUBNAGAR,2013,Kharif     ,Groundnut,11039.0,15168.0,0
Telangana ,MAHBUBNAGAR,2013,Kharif     ,Horse-gram,476.0,296.0,0
Telangana ,MAHBUBNAGAR,2013,Kharif     ,Jowar,6829.0,5709.0,0
Telangana ,MAHBUBNAGAR,2013,Kharif     ,Maize,161171.0,762178.0,1
Telangana ,MAHBUBNAGAR,2013,Kharif     ,Moong(Green Gram),11247.0,5747.0,0
